<?xml version="1.0"?>
<testResults>
  <FitNesseVersion>v20140630</FitNesseVersion>
  <rootPath>FitnesseGivenWhenThenExampleTest</rootPath>
    <result>
    <counts>
      <right>8</right>
      <wrong>2</wrong>
      <ignores>0</ignores>
      <exceptions>0</exceptions>
    </counts>
    <runTimeInMillis>141</runTimeInMillis>
    <content>&lt;br/&gt;&lt;div class="contents"&gt;
	&lt;b&gt;Contents:&lt;/b&gt;
	&lt;ul class="toc1"/&gt;&lt;ul class="toc1"/&gt;
&lt;/div&gt;
&lt;br/&gt;&lt;br/&gt;&lt;span class="meta"&gt;variable defined: TEST_SYSTEM=slim&lt;/span&gt;
 &lt;br/&gt;&lt;span class="meta"&gt;classpath: .\FitnesseGivenWhenThen.jar&lt;/span&gt;&lt;br/&gt;&lt;br/&gt;&lt;table&gt;
	&lt;tr&gt;
		&lt;td&gt;import&lt;/td&gt;
	&lt;/tr&gt;
	&lt;tr&gt;
		&lt;td&gt;&lt;span class="pass"&gt;com.givenwhenthen.fitnesse.common&lt;/span&gt;&lt;/td&gt;
	&lt;/tr&gt;
	&lt;tr&gt;
		&lt;td&gt;&lt;span class="pass"&gt;com.givenwhenthen.fitnesse.example&lt;/span&gt;&lt;/td&gt;
	&lt;/tr&gt;
&lt;/table&gt;
&lt;br/&gt;&lt;br/&gt;&lt;br/&gt;&lt;table&gt;
	&lt;tr class="hidden"&gt;
		&lt;td colspan="2"&gt;&lt;span class="pass"&gt;Table:Test User Login&lt;/span&gt;&lt;/td&gt;
	&lt;/tr&gt;
	&lt;tr&gt;
		&lt;td&gt;given&lt;/td&gt;
		&lt;td&gt;user [John Doe] arrives at the login page&lt;/td&gt;
	&lt;/tr&gt;
	&lt;tr&gt;
		&lt;td&gt;and&lt;/td&gt;
		&lt;td&gt;enters password of [P@ssw0rd]&lt;/td&gt;
	&lt;/tr&gt;
	&lt;tr&gt;
		&lt;td&gt;when&lt;/td&gt;
		&lt;td&gt;he clicks on the login button&lt;/td&gt;
	&lt;/tr&gt;
	&lt;tr&gt;
		&lt;td&gt;&lt;span class="pass"&gt;then&lt;/span&gt;&lt;/td&gt;
		&lt;td&gt;he should see a result message of [Welcome, John Doe]&lt;/td&gt;
	&lt;/tr&gt;
	&lt;tr&gt;
		&lt;td&gt;&lt;span class="pass"&gt;and&lt;/span&gt;&lt;/td&gt;
		&lt;td&gt;he is directed to page [home.html]&lt;/td&gt;
	&lt;/tr&gt;
&lt;/table&gt;
&lt;br/&gt;&lt;br/&gt;&lt;table&gt;
	&lt;tr class="hidden"&gt;
		&lt;td colspan="2"&gt;&lt;span class="pass"&gt;Table:Test User Login&lt;/span&gt;&lt;/td&gt;
	&lt;/tr&gt;
	&lt;tr&gt;
		&lt;td&gt;given&lt;/td&gt;
		&lt;td&gt;user [John Doe] arrives at the login page&lt;/td&gt;
	&lt;/tr&gt;
	&lt;tr&gt;
		&lt;td&gt;and&lt;/td&gt;
		&lt;td&gt;enters password of [BAD_PASSWORD]&lt;/td&gt;
	&lt;/tr&gt;
	&lt;tr&gt;
		&lt;td&gt;when&lt;/td&gt;
		&lt;td&gt;he clicks on the login button&lt;/td&gt;
	&lt;/tr&gt;
	&lt;tr&gt;
		&lt;td&gt;&lt;span class="pass"&gt;then&lt;/span&gt;&lt;/td&gt;
		&lt;td&gt;he should see a result message of [Invalid Username or Password!]&lt;/td&gt;
	&lt;/tr&gt;
	&lt;tr&gt;
		&lt;td&gt;&lt;span class="pass"&gt;and&lt;/span&gt;&lt;/td&gt;
		&lt;td&gt;he is directed to page [loginerror.html]&lt;/td&gt;
	&lt;/tr&gt;
&lt;/table&gt;
&lt;br/&gt;&lt;table&gt;
	&lt;tr class="hidden"&gt;
		&lt;td colspan="2"&gt;&lt;span class="pass"&gt;Table:Test Bank Account&lt;/span&gt;&lt;/td&gt;
	&lt;/tr&gt;
	&lt;tr&gt;
		&lt;td&gt;given&lt;/td&gt;
		&lt;td&gt;user [John Doe] has no money in their account&lt;/td&gt;
	&lt;/tr&gt;
	&lt;tr&gt;
		&lt;td&gt;when&lt;/td&gt;
		&lt;td&gt;[100.25] dollars is deposited in to the account&lt;/td&gt;
	&lt;/tr&gt;
	&lt;tr&gt;
		&lt;td&gt;&lt;span class="fail"&gt;then (expected: 100.26, actual: 100.25)&lt;/span&gt;&lt;/td&gt;
		&lt;td&gt;the balance should be [100.26] dollars&lt;/td&gt;
	&lt;/tr&gt;
&lt;/table&gt;
&lt;br/&gt;&lt;table&gt;
	&lt;tr class="hidden"&gt;
		&lt;td colspan="2"&gt;&lt;span class="pass"&gt;Table:Test Bank Account&lt;/span&gt;&lt;/td&gt;
	&lt;/tr&gt;
	&lt;tr&gt;
		&lt;td&gt;given&lt;/td&gt;
		&lt;td&gt;user [John Doe] has [350] dollars in their account&lt;/td&gt;
	&lt;/tr&gt;
	&lt;tr&gt;
		&lt;td&gt;when&lt;/td&gt;
		&lt;td&gt;[100] dollars is withdrawn from the account&lt;/td&gt;
	&lt;/tr&gt;
	&lt;tr&gt;
		&lt;td&gt;&lt;span class="pass"&gt;then&lt;/span&gt;&lt;/td&gt;
		&lt;td&gt;the balance should be [250] dollars&lt;/td&gt;
	&lt;/tr&gt;
&lt;/table&gt;
</content>
    <relativePageName>FitnesseGivenWhenThenExampleTest</relativePageName>
            <instructions>
            <instructionResult>
        <instruction>{id='import_0_0', instruction='import', path='com.givenwhenthen.fitnesse.common'}</instruction>
        <slimResult>pass(com.givenwhenthen.fitnesse.common)</slimResult>
                <expectation>
                    <status>pass</status>
                    <instructionId>import_0_0</instructionId>
                    <col>0</col>
                              <row>1</row>
                    <type>ImportExpectation</type>
                                        <evaluationMessage>com.givenwhenthen.fitnesse.common</evaluationMessage>
                  </expectation>
              </instructionResult>
            <instructionResult>
        <instruction>{id='import_0_1', instruction='import', path='com.givenwhenthen.fitnesse.example'}</instruction>
        <slimResult>pass(com.givenwhenthen.fitnesse.example)</slimResult>
                <expectation>
                    <status>pass</status>
                    <instructionId>import_0_1</instructionId>
                    <col>0</col>
                              <row>2</row>
                    <type>ImportExpectation</type>
                                        <evaluationMessage>com.givenwhenthen.fitnesse.example</evaluationMessage>
                  </expectation>
              </instructionResult>
            <instructionResult>
        <instruction>{id='tableTable_1_0', instruction='make', instanceName='tableTable_1', className='TestUserLogin', args=[]}</instruction>
        <slimResult>pass(Table:Test User Login)</slimResult>
                <expectation>
                    <status>pass</status>
                    <instructionId>tableTable_1_0</instructionId>
                    <col>0</col>
                              <row>0</row>
                    <type>ConstructionExpectation</type>
                                        <evaluationMessage>Table:Test User Login</evaluationMessage>
                  </expectation>
              </instructionResult>
            <instructionResult>
        <instruction>{id='tableTable_1_1', instruction='call', instanceName='tableTable_1', methodName='doTable', args=[[[given, user [John Doe] arrives at the login page], [and, enters password of [P@ssw0rd]], [when, he clicks on the login button], [then, he should see a result message of [Welcome, John Doe]], [and, he is directed to page [home.html]]]]}</instruction>
        <slimResult>pass()</slimResult>
                <expectation>
                    <status>pass</status>
                    <instructionId>tableTable_1_1</instructionId>
                              <type>TableTableExpectation</type>
                                      </expectation>
              </instructionResult>
            <instructionResult>
        <instruction>{id='tableTable_2_0', instruction='make', instanceName='tableTable_2', className='TestUserLogin', args=[]}</instruction>
        <slimResult>pass(Table:Test User Login)</slimResult>
                <expectation>
                    <status>pass</status>
                    <instructionId>tableTable_2_0</instructionId>
                    <col>0</col>
                              <row>0</row>
                    <type>ConstructionExpectation</type>
                                        <evaluationMessage>Table:Test User Login</evaluationMessage>
                  </expectation>
              </instructionResult>
            <instructionResult>
        <instruction>{id='tableTable_2_1', instruction='call', instanceName='tableTable_2', methodName='doTable', args=[[[given, user [John Doe] arrives at the login page], [and, enters password of [BAD_PASSWORD]], [when, he clicks on the login button], [then, he should see a result message of [Invalid Username or Password!]], [and, he is directed to page [loginerror.html]]]]}</instruction>
        <slimResult>pass()</slimResult>
                <expectation>
                    <status>pass</status>
                    <instructionId>tableTable_2_1</instructionId>
                              <type>TableTableExpectation</type>
                                      </expectation>
              </instructionResult>
            <instructionResult>
        <instruction>{id='tableTable_3_0', instruction='make', instanceName='tableTable_3', className='TestBankAccount', args=[]}</instruction>
        <slimResult>pass(Table:Test Bank Account)</slimResult>
                <expectation>
                    <status>pass</status>
                    <instructionId>tableTable_3_0</instructionId>
                    <col>0</col>
                              <row>0</row>
                    <type>ConstructionExpectation</type>
                                        <evaluationMessage>Table:Test Bank Account</evaluationMessage>
                  </expectation>
              </instructionResult>
            <instructionResult>
        <instruction>{id='tableTable_3_1', instruction='call', instanceName='tableTable_3', methodName='doTable', args=[[[given, user [John Doe] has no money in their account], [when, [100.25] dollars is deposited in to the account], [then, the balance should be [100.26] dollars]]]}</instruction>
        <slimResult>fail()</slimResult>
                <expectation>
                    <status>fail</status>
                    <instructionId>tableTable_3_1</instructionId>
                              <type>TableTableExpectation</type>
                                      </expectation>
              </instructionResult>
            <instructionResult>
        <instruction>{id='tableTable_4_0', instruction='make', instanceName='tableTable_4', className='TestBankAccount', args=[]}</instruction>
        <slimResult>pass(Table:Test Bank Account)</slimResult>
                <expectation>
                    <status>pass</status>
                    <instructionId>tableTable_4_0</instructionId>
                    <col>0</col>
                              <row>0</row>
                    <type>ConstructionExpectation</type>
                                        <evaluationMessage>Table:Test Bank Account</evaluationMessage>
                  </expectation>
              </instructionResult>
            <instructionResult>
        <instruction>{id='tableTable_4_1', instruction='call', instanceName='tableTable_4', methodName='doTable', args=[[[given, user [John Doe] has [350] dollars in their account], [when, [100] dollars is withdrawn from the account], [then, the balance should be [250] dollars]]]}</instruction>
        <slimResult>pass()</slimResult>
                <expectation>
                    <status>pass</status>
                    <instructionId>tableTable_4_1</instructionId>
                              <type>TableTableExpectation</type>
                                      </expectation>
              </instructionResult>
          </instructions>
      </result>
      <finalCounts>
    <right>0</right>
    <wrong>1</wrong>
    <ignores>0</ignores>
    <exceptions>0</exceptions>
  </finalCounts>
  <totalRunTimeInMillis>142</totalRunTimeInMillis>
  
</testResults>

